120.24;2.4975;38338;0.124798;7498;863.492;121.855;0.0430919;0.174846;0.782063;0.470408;7667.86;0.890153;0;1.17712;1493.9;37908;976.873;47848.5;38.8054;219.695;0;63;25.0612;32.3;18.8;25.55;0;71.5; 
103.627;2.23857;35291;0.11488;6521.75;630.181;82.0395;0.0340226;0.151547;0.814431;0.452754;6331.48;0.885736;0;1.17134;1103.93;34853.5;910.668;39455;38.2725;210.658;0;63;25.1877;32.8;18.8;25.8;0;71.5; 
81.6548;1.9762;30849;0.10042;5643.7;459.344;68.0889;0.0331003;0.126802;0.840098;0.447269;5619.21;0.877368;0;1.18398;1243.53;30316.5;908.072;37042.5;33.3856;196.469;1;86;24.4762;34.1;20.1;27.1;0;56.9; 
151.088;2.98979;46332;0.15082;12246.4;1025.79;170.473;0.0380444;0.127255;0.834701;0.538649;14264.1;0.882272;0;1.15408;1350.21;46803.5;1123.21;58612.5;41.6693;244.115;0;54;25.9287;34.7;20.4;27.55;0;109.8; 
130.781;2.98762;43829;0.142673;9103.41;1145.97;163.721;0.0471678;0.188657;0.764176;0.487432;9817.47;0.891889;0;1.18851;1413.83;43462.5;1014.69;50403.5;42.8331;235.241;0;43;26.8893;34.8;22;28.4;0;88.3; 
119.081;2.395;35900;0.116862;7221.1;648.202;129.887;0.0487124;0.129592;0.821696;0.472043;7242.65;0.884523;0;1.16429;1101.64;35493.5;926.205;41468;38.3214;212.583;1;50;25.6272;34.5;22.5;28.5;0;76.7; 
121.042;2.40315;35819;0.116598;7150.64;648.026;132.426;0.0500912;0.13002;0.819889;0.470561;7153.36;0.884997;0;1.16423;1114.37;35396;925.183;41628;38.2584;212.291;1;50;25.6646;34.4;22.7;28.55;0;76.7; 
82.1594;1.98076;30409;0.0989876;5849.6;407.38;71.5673;0.0339259;0.106126;0.859948;0.456203;5733.77;0.876957;0;1.18478;1221.22;30046.5;923.457;36083;32.537;195.592;1;24;24.2406;35.7;21.2;28.45;0;64.6; 
96.0998;2.24962;33555;0.109229;6295.53;708.486;100.021;0.0422384;0.171301;0.78646;0.46013;6735.31;0.875596;0;1.17346;1587.92;33078.5;957.839;44234.5;34.5345;205.224;1;35;24.1141;32.8;18.9;25.85;0;71.7; 
76.4108;1.99941;29926;0.0974154;6247.44;387.698;69.9026;0.0312762;0.0947928;0.873931;0.473351;6182.27;0.874593;0;1.18858;1100.05;30373.5;911.059;35793.5;33.3387;196.654;1;55;23.5756;34.9;20.5;27.7;0;56; 
76.5606;2.00785;30054;0.097832;6315.6;390.197;67.7541;0.0300082;0.0952066;0.874785;0.474749;6314.22;0.873391;0;1.18903;1101.9;30558.5;918.853;36202.5;33.2572;197.252;1;55;23.5037;34.7;20.6;27.65;0;56; 
121.175;2.37695;37148;0.120924;6395.98;857.282;156.297;0.0632818;0.189211;0.747507;0.446616;6384.05;0.893388;0;1.15275;1358.58;36648.5;958.497;47929;38.2354;216.015;1;77;24.0367;34.7;21;27.85;0;89.9; 
114.7;2.34501;36907;0.12014;7327.6;729.448;100.735;0.037045;0.154138;0.808817;0.470151;7737.71;0.880991;0;1.15284;1153.44;37430.5;949.538;43246.5;39.4197;218.307;0;63;23.6409;33.8;20.8;27.3;0;90; 
86.5834;2.07903;31344;0.102031;5583.96;537.917;113.773;0.0547367;0.136039;0.809225;0.446037;5775.6;0.87753;0;1.17029;1476.44;30934.5;929.8;40667.5;33.2701;198.462;1;55;24.5193;35;19.4;27.2;0;70; 
87.6483;2.08351;31503;0.102549;5641.04;548.947;109.232;0.0520216;0.139609;0.808369;0.447172;5859.82;0.877291;0;1.17265;1488.44;31156.5;932.558;41263.5;33.4097;199.173;1;55;24.4664;34.9;19.5;27.2;0;70; 
61.3597;1.66928;26051;0.0848014;4672.92;270.364;34.8376;0.0209944;0.0946246;0.884381;0.437149;4077.67;0.88057;0;1.19203;1112.86;25582;829.234;29279;30.8502;180.477;1;28;22.8853;35;20.9;27.95;0;48.6; 
81.7248;2.06115;31080;0.101172;6011.75;515.014;83.5326;0.0379102;0.130548;0.831542;0.461187;6115.79;0.87635;0;1.18223;1658.72;30515.5;948.764;42366;32.1634;197.113;1;25;23.7281;34.2;19.6;26.9;0;65.5; 
81.1782;2.04307;31157;0.101423;6007.82;517.485;82.0693;0.0372626;0.131797;0.830941;0.460515;6091.91;0.876629;0;1.18366;1644.72;30598.5;947.595;42228;32.2907;197.381;1;25;23.694;34.6;19.5;27.05;0;65.5; 
91.8356;2.21636;34991;0.113903;6594.58;624.386;97.8573;0.0401229;0.143923;0.815955;0.457288;6524.82;0.884095;0;1.17424;1096.77;35024;922.116;39575.5;37.9822;211.173;1;44;24.9615;35.5;21.8;28.65;0;74.5; 
108.234;2.69394;42397;0.138011;10398.1;998.066;102.144;0.0266501;0.155835;0.817515;0.520781;12212.3;0.877652;0;1.17993;1794.85;41853.5;1128.01;58113;37.1038;230.845;0;23;24.675;35.3;19.5;27.4;0;83.8; 
108.544;2.67654;42487;0.138304;10507.2;998.484;106.943;0.0276274;0.153546;0.818826;0.522809;12413.9;0.877216;0;1.17867;1766.43;41924.5;1132.19;58843;37.0297;231.041;0;23;24.6043;35.5;19.4;27.45;0;83.8; 
107.626;2.7986;47527;0.15471;11826.3;1307.32;210.389;0.0472997;0.164408;0.788292;0.529879;14172.8;0.880711;0;1.12043;1860.11;48236.5;1130.54;64202;42.6668;247.824;0;53;24.2966;34.6;21.1;27.85;0;85.6; 
104.74;2.72909;46325;0.150798;11591.6;1199.31;216.184;0.0498616;0.151168;0.798971;0.529891;14065.9;0.877241;0;1.11857;2136.7;46040.5;1127.07;61456.5;40.8498;242.117;0;53;24.2421;34.7;21.1;27.9;0;85.6; 
83.533;2.22254;35667;0.116104;6546.95;716.148;131.609;0.0533931;0.158097;0.78851;0.455337;6516.16;0.885423;0;1.1222;1333.77;35354;936.065;42303;37.7687;212.165;0;54;24.2786;34.5;19.8;27.15;0;70; 
96.2399;1.91649;29998;0.0976497;4106.41;518.745;118.111;0.074702;0.168928;0.75637;0.397649;3544.76;0.89487;0;1.15716;959.578;29600;802.628;33623;36.8788;194.134;1;72;24.0142;31.9;21.3;26.6;0;75.7; 
96.4654;1.93582;30283;0.0985775;4299.6;524.852;112.765;0.0685195;0.166931;0.76455;0.403784;3813.72;0.891666;0;1.15885;1093.74;29820;834.972;35314.5;35.7138;194.854;1;72;23.8813;31.9;21.2;26.55;0;75.7; 
122.079;2.53474;39021;0.127021;8345.23;765.334;137.472;0.0445951;0.135783;0.819622;0.486834;8679.79;0.885827;0;1.15965;1150.77;38774;980.527;44872;39.544;222.19;0;45;25.3166;34.3;21.3;27.8;0;97; 
121.98;2.61065;39857;0.129743;8965.82;801.226;149.831;0.045326;0.131371;0.823303;0.498816;9466.28;0.885506;0;1.16612;1323.93;39676.5;1012.04;47213;39.2044;224.761;0;45;25.6085;34.7;21.4;28.05;0;97; 
119.755;2.42207;38252;0.124518;6640.62;854.404;111.426;0.0439468;0.195355;0.760699;0.445933;6414.02;0.891838;0;1.15616;1119.1;37955.5;918.761;43292;41.3116;219.833;1;53;24.8057;34.6;20.6;27.6;0;93; 
79.9495;2.11466;32699;0.106442;6558.14;517.21;75.6679;0.0317442;0.123491;0.844765;0.467652;6741.18;0.87578;0;1.18404;1173.74;33411;931.9;39649.5;35.8525;206.253;1;40;23.7659;35.3;18.1;26.7;0;60; 
105.137;2.53483;40173;0.130771;9156.67;833.34;110.852;0.0329234;0.143055;0.824022;0.501438;9813.73;0.883872;0;1.1775;1322.96;40561;1021.32;50599.5;39.7143;227.253;0;76;23.8699;33.6;20.8;27.2;0;68.9; 
113.282;2.36602;37273;0.121331;8151.93;667.033;121.261;0.0406907;0.122093;0.837216;0.489759;8196.74;0.886391;0;1.15762;1292.35;37125.5;994.407;46170;37.3343;217.416;0;77;24.358;34.4;21.3;27.85;0;81.8; 
113.517;2.37669;37361;0.121618;8157.47;673.229;122.259;0.0409672;0.123081;0.835952;0.489531;8198.2;0.886599;0;1.15877;1318.2;37142;995.801;46557.5;37.2986;217.464;0;77;24.3609;34.4;21.3;27.85;0;81.8; 
72.3667;1.95437;30213;0.0983496;6098.74;394.638;61.2473;0.0280324;0.101727;0.870241;0.465784;6162.98;0.871258;0;1.19705;1111.99;29884.5;916.23;36016.5;32.6168;195.064;1;20;24.0674;36.1;21.6;28.85;0;53.6; 
72.3424;1.94242;30095;0.0979655;6053.18;391.929;59.2102;0.0273096;0.102307;0.870383;0.464902;6115.19;0.871034;0;1.19652;1100.05;29735.5;916.292;35799.5;32.452;194.578;1;20;23.6741;35.9;21.5;28.7;0;53.6; 
85.5141;2.31855;38229;0.124443;6391.48;1026.96;77.6127;0.0310614;0.253293;0.715646;0.442818;6632.06;0.889435;0;1.12487;1701.17;38027.5;963.496;50990.5;39.4683;220.041;1;87;24.0825;34.8;20.4;27.6;0;60; 
108.352;2.43577;37781;0.122985;7696.49;751.897;127.105;0.0444658;0.145716;0.809819;0.476429;7981.46;0.886576;0;1.16591;1385.02;37412;959.174;43715;39.0044;218.253;0;66;26.3045;37;21.1;29.05;0;88.6; 
92.3644;2.09545;32002;0.104173;5522.74;576.229;109.602;0.0529602;0.150317;0.796723;0.440468;5646.6;0.877578;0;1.17016;1070.63;31888;903.423;38750;35.2969;201.497;1;46;25.5482;35.7;22.3;29;0;70.8; 
86.165;2.21433;34928;0.113698;6780.08;616.581;85.4259;0.0342522;0.14198;0.823767;0.46284;7048.68;0.880341;0;1.18803;1121.4;34536;937.222;40671.5;36.8493;209.696;1;79;25.177;36.3;21.7;29;0;60.9; 
84.3358;2.23298;34870;0.113509;6777.4;612.196;83.2507;0.0334212;0.141565;0.825014;0.462938;7015.99;0.880077;0;1.18953;1112.29;34495;940.255;40829.5;36.6869;209.572;1;79;25.1373;36.4;21.8;29.1;0;60.9; 
85.0207;2.42172;34788;0.113242;5532.74;927.08;102.26;0.0467502;0.25139;0.70186;0.434323;5282.41;0.901563;0;1.27793;1337.94;34317;876.031;42512.5;39.1733;209.031;0;81;24.0921;33.4;21;27.2;0;80.3; 
108.186;2.49364;38113;0.124066;7760.95;792.268;163.713;0.056343;0.144215;0.799442;0.478246;8153.63;0.888137;0;1.16546;1220.5;37961.5;975.377;48578;38.9198;219.85;0;72;24.8504;35.7;21.3;28.5;0;85; 
84.8762;2.13629;34502;0.112311;5619.15;681.969;76.9067;0.0361742;0.189733;0.774092;0.429959;5197.44;0.891702;0;1.18143;1269.37;33963;889.074;40291.5;38.2004;207.95;1;87;24.129;34.2;20.7;27.45;0;68; 
130.607;2.82896;43603;0.141937;10425.7;1010.5;145.011;0.0375636;0.149464;0.812973;0.515376;11385.8;0.885192;0;1.15742;1339.22;45798;1065.68;56501;42.9753;241.478;0;46;24.5222;34.4;20.8;27.6;0;102.6; 
125.338;2.76927;43231;0.140726;10374.4;1006.32;151.949;0.0395265;0.148164;0.812309;0.516502;11386.6;0.884215;0;1.161;1358.82;45680;1052.84;54750.5;43.3873;241.167;0;46;24.0203;34.6;20.8;27.7;0;102.6; 
89.9026;2.2784;35858;0.116725;8469.14;645.606;118.715;0.038571;0.114127;0.847302;0.507452;9059.38;0.87913;0;1.16572;1869.44;35699;1031.22;50535;34.6182;213.198;0;40;23.7038;33;19.9;26.45;0;82; 
91.7915;2.31988;36509;0.118844;8506.98;705.695;132.038;0.0423891;0.122777;0.834834;0.505928;9144.78;0.880282;0;1.1677;1807.21;36393;1033.34;51197;35.2187;215.26;0;40;23.7289;33;19.9;26.45;0;82; 
77.7153;1.93261;30334;0.0987435;4893.74;498.635;69.0381;0.0379232;0.157321;0.804756;0.424321;4386.29;0.891989;0;1.18556;1454.22;29737;877.941;38409.5;33.8713;194.582;1;43;22.9936;34.3;21.2;27.75;0;57.6; 
82.3471;2.00864;30176;0.0982292;5678.17;437.732;87.0097;0.0420817;0.113083;0.844835;0.453392;5552.29;0.879176;0;1.21649;1102.92;30160;878.649;34752.5;34.3254;195.961;1;65;23.648;33.9;20.7;27.3;0;69; 
84.1906;2.00445;30243;0.0984473;5602.95;451.437;87.1971;0.0425934;0.118614;0.838792;0.450645;5472.07;0.879567;0;1.21634;1072.92;30288;876.265;34833.5;34.5649;196.377;1;65;23.6424;34.1;20.7;27.4;0;69; 
109.288;2.34064;36429;0.118584;5792.62;871.686;150.439;0.0662267;0.211673;0.722101;0.432521;5588.6;0.896654;0;1.1842;1294.68;35966;908.105;43838.5;39.6056;213.994;1;74;24.1045;34.5;20.4;27.45;0;98.6; 
111.47;2.35821;36673;0.119378;5829.14;891.321;152.444;0.0665414;0.215011;0.718447;0.432915;5631.15;0.897205;0;1.18516;1284.05;36228;911.141;44435.5;39.7611;214.772;1;74;24.2125;34.6;20.6;27.6;0;98.6; 
68.229;2.0922;31729;0.103285;5357.85;584.842;86.7772;0.0431766;0.16521;0.791613;0.435931;5129.09;0.886076;0;1.21868;1244.96;31487.5;892.804;38568.5;35.2681;200.228;1;49;24.9373;34.8;21.8;28.3;0;63.2; 
69.6931;2.10163;31615;0.102913;5354.03;577.255;88.7307;0.0442178;0.1623;0.793482;0.436374;5120.63;0.886065;0;1.21858;1169.89;31531;887.12;37808.5;35.5431;200.366;1;49;24.8895;34.9;21.8;28.35;0;63.2; 
84.8562;2.19882;33631;0.109476;5756.67;632.056;64.355;0.0299183;0.175947;0.794134;0.438046;5042.63;0.8974;0;1.23202;1148.71;33153;853.034;37240;38.8648;205.455;0;35;23.9739;35.2;19.1;27.15;0;70.25; 
95.2937;2.46877;37586;0.12235;9347.4;672.692;77.6689;0.0230751;0.117853;0.859072;0.518329;10500.2;0.876599;0;1.2356;1614.34;36907.5;1028.6;44851;35.8812;216.777;0;35;23.9517;35.3;19.4;27.35;0;70.25; 
75.2912;1.94118;29862;0.097207;6126.09;522.286;70.767;0.0315964;0.134398;0.834006;0.474356;6648.92;0.87119;0;1.22402;1511.65;30055;953.951;41391;31.5058;195.62;1;51;23.9141;34.5;20.6;27.55;0;62.1; 
73.5585;1.92149;29641;0.0964876;6164.29;516.385;69.5647;0.0309165;0.132386;0.836697;0.477222;6778.05;0.869799;0;1.22303;1560.34;29896;959.104;41932.5;31.1708;195.102;1;51;23.903;34.4;20.7;27.55;0;62.1; 
120.905;2.38927;37980;0.123633;8158.05;732.247;150.968;0.0500929;0.128584;0.821323;0.487913;9263.9;0.878123;0;1.13349;1539.27;37336;1004.55;45474.5;37.1669;218.031;0;81;24.1907;34.2;21.2;27.7;0;86; 
67.1576;1.86529;28611;0.0931348;5446.03;425.706;63.8969;0.0322949;0.121911;0.845794;0.455485;5700.77;0.870513;0;1.20386;1488.82;28098;921.34;38033;30.4969;189.144;1;46;23.9932;34.8;20.9;27.85;0;52.2; 
69.2897;1.89696;28861;0.0939486;5512.76;456.343;67.3424;0.0334679;0.128884;0.837648;0.457344;5811.53;0.871217;0;1.20514;1479.12;28579.5;934.872;39457;30.5705;190.758;1;46;24.0935;34.7;21;27.85;0;52.2; 
79.087;2.02381;30535;0.0993978;5885.6;444.483;75.03;0.0351423;0.115362;0.849496;0.458006;5760.74;0.879305;0;1.19266;1082.55;31431;898.378;35934.5;34.9864;200.048;1;71;24.2029;33.5;21.1;27.3;0;59.2; 
81.8313;2.05014;30758;0.100124;5874.51;455.774;76.4393;0.0357933;0.118418;0.845789;0.4564;5707.32;0.880435;0;1.19367;1050.16;31599.5;891.884;36082.5;35.4301;200.583;1;71;24.277;33.5;21.3;27.4;0;59.2; 
93.2414;2.13686;33286;0.108353;6303.76;586.695;109.306;0.0468471;0.136402;0.816751;0.458582;7037.62;0.872768;0;1.18737;1221.28;33265;962.112;40764.5;34.575;205.802;1;54;24.5914;35.4;21.2;28.3;0;77.5; 
81.2345;2.03492;30452;0.0991276;5360.19;526.796;94.7397;0.0475145;0.144459;0.808027;0.443213;5370.56;0.881024;0;1.19876;1422.74;30675;908.366;38573;33.7694;197.627;1;54;24.5069;34;21.4;27.7;0;64.3; 
100.477;2.36797;35560;0.115755;7210.5;626.044;110.293;0.0416365;0.129801;0.828563;0.47274;7098.1;0.885686;0;1.19697;1132.35;35089;931.829;40858.5;37.656;211.369;1;34;24.7374;34.6;21.2;27.9;0;78.5; 
103.264;2.36305;35595;0.115869;7187.7;630.113;110.104;0.0416644;0.131184;0.827151;0.471945;7078.36;0.886036;0;1.19789;1142.73;35113.5;930.197;40635;37.7484;211.442;1;34;24.7418;34.5;21.1;27.8;0;78.5; 
87.6082;1.90187;30381;0.0988965;4133.81;562.872;92.8765;0.0581743;0.196258;0.745568;0.397058;3723.71;0.887914;0;1.15524;1190.13;29906.5;849.239;37864;35.2157;195.136;1;57;23.7536;34.9;17.4;26.15;0;74.1; 
90.5919;1.89736;30520;0.099349;4181.94;567.962;92.4739;0.0572904;0.196386;0.746324;0.398331;3781.09;0.887595;0;1.15359;1190.17;30032;851.467;37863.5;35.2709;195.545;1;57;23.74;34.5;17.2;25.85;0;74.1; 
62.8477;1.81886;28647;0.093252;5041.61;403.27;53.2033;0.0290301;0.127341;0.843628;0.4381;4705.99;0.879476;0;1.19758;1057.66;29258;857.464;33585;34.1215;193.009;1;41;22.9383;33.4;20.5;26.95;0;52.2; 
68.4117;1.95258;31112;0.101276;6131.92;469.413;61.7094;0.0277844;0.122378;0.849838;0.462785;6062.67;0.876804;0;1.19234;1385.97;30838;928.008;39084;33.2303;198.152;1;49;23.5889;34.4;20.6;27.5;0;56.3; 
119.026;2.42413;38635;0.125765;6573.26;906.846;139.662;0.0549865;0.201367;0.743647;0.444105;6150.36;0.898394;0;1.15478;1167.1;38901.5;912.903;44974;42.613;222.555;0;70;24.2878;34;20.6;27.3;0;91.75; 
79.5468;2.15354;32666;0.106335;6319.67;577.928;85.8619;0.0368851;0.140923;0.822192;0.462375;6772.75;0.873329;0;1.1919;1485;32102;951.262;41273;33.7467;202.172;1;19;25.7601;35;20.9;27.95;0;64.6; 
108.962;2.97312;46105;0.150081;9915.21;1547.42;202.053;0.0519652;0.230674;0.717361;0.502999;10885.6;0.894499;0;1.18999;2286.28;45823.5;1076.58;65421.5;42.5638;241.546;0;55;25.304;34.5;20.7;27.6;0;79.2; 
81.5791;2.18294;34470;0.112207;6798.54;583.844;85.7688;0.0344538;0.133386;0.83216;0.465471;6662.83;0.884608;0;1.18967;1338.09;34217.5;936.424;41406;36.5406;208.727;1;26;23.8964;34.9;20.5;27.7;0;56; 
83.5151;2.19216;34542;0.112441;6914.19;575.658;83.489;0.0330722;0.129974;0.836954;0.468248;6777.76;0.884319;0;1.19278;1312.58;34276.5;942.209;41253.5;36.3789;208.907;1;26;23.8283;34.9;20.2;27.55;0;56; 
129.576;2.66328;41976;0.136641;10241.4;890.256;161.115;0.0428012;0.129134;0.828065;0.518687;11403.2;0.882072;0;1.15933;1468.08;41511;1062.33;52559.5;39.0755;229.899;1;31;24.3963;34.3;21.3;27.8;0;101; 
128.892;2.68411;42488;0.138307;10877.2;911.54;155.633;0.0390896;0.126572;0.834339;0.530216;12550.2;0.878761;0;1.1592;1584.95;41962.5;1090.14;56540;38.4929;231.146;1;31;24.4382;34.3;21.2;27.75;0;101; 
112.875;2.31912;37215;0.121143;7534.1;761.438;137.218;0.0488161;0.148046;0.803137;0.476027;7746.99;0.887717;0;1.15578;1571.86;37008.5;1016.67;50516;36.4017;217.073;0;52;24.4669;34.5;21.1;27.8;0;91; 
118.173;2.39231;38377;0.124925;7876.64;782.15;131.437;0.0448579;0.148054;0.807088;0.478597;8038.72;0.887824;0;1.15924;1529.92;37741.5;1018.2;50771;37.0668;219.212;0;52;24.6075;34.6;21.4;28;0;91; 
118.397;2.46248;39350;0.128092;8355.39;879.005;162.995;0.052034;0.152385;0.795581;0.488694;9268.79;0.88216;0;1.15723;1686.1;38666;1053.17;55030.5;36.7138;221.881;0;66;24.6966;34.5;21;27.75;0;90.45; 
84.6327;2.11538;32406;0.105488;5737.3;528.621;82.4568;0.0389659;0.14056;0.820474;0.442614;5540.82;0.882954;0;1.18074;1160.17;32038;891.625;37673;35.9321;201.97;1;62;25.6094;35;21;28;0;59.3; 
77.7713;1.92817;30200;0.0983073;5419.5;438.24;70.6232;0.0357383;0.12402;0.840242;0.443069;5293.35;0.877681;0;1.18935;1068.61;29743;890.64;35995.5;33.3951;194.602;1;69;23.3058;35;20.7;27.85;0;59; 
81.5092;1.84784;29807;0.097028;4945.58;440.331;66.244;0.0364502;0.137225;0.826324;0.427693;4652.72;0.881126;0;1.17744;1027.84;29368.5;859.212;34215;34.1807;193.373;1;79;21.7669;33.6;20.3;26.95;0;58; 
81.1291;1.85484;29637;0.0964746;4764.78;440.498;66.4895;0.0378371;0.141891;0.820272;0.421763;4384.31;0.883382;0;1.1767;1022.37;29206;846.205;33753;34.5141;192.837;1;79;22.022;33.5;20.3;26.9;0;58; 
135.092;2.59708;41473;0.135003;10028.2;1163.14;183.973;0.048519;0.172157;0.779324;0.523726;12226;0.875915;0;1.14701;1459.79;48811;1106.63;61811.5;44.108;249.295;0;67;24.0191;33.8;20.5;27.15;0;90.6; 
122.813;2.35307;37112;0.120807;6407.15;842.359;190.085;0.0766514;0.175352;0.747996;0.447737;6627.7;0.890526;0;1.14193;1172.97;36705;936.824;44231.5;39.1802;216.181;1;63;23.9585;34.7;20.8;27.75;0;93; 
121.403;2.31922;37436;0.121862;6745.46;765.282;137.386;0.0538899;0.164196;0.781914;0.452;6517.38;0.892872;0;1.14592;1117.16;36958.5;925.6;42935;39.9292;216.926;1;64;23.242;34.5;20.7;27.6;0;77; 
85.877;2.12913;33732;0.109805;6398.52;711.556;87.2046;0.036349;0.173496;0.790155;0.461923;6406.93;0.883407;0;1.1839;1698.29;33068.5;994.369;48181;33.2558;205.193;1;42;23.7865;35.3;20.4;27.85;0;62.1; 
149.725;2.61464;41591;0.135387;8357.85;1058.6;224.051;0.0697218;0.173133;0.757145;0.481454;9172.93;0.889401;0;1.13726;1866.81;40798;1032.64;54193;39.5084;227.916;0;69;22.8356;35.7;20.7;28.2;0;99.1; 
67.3541;1.77587;27973;0.0910579;5157;350.923;64.3042;0.0346204;0.102874;0.862506;0.446327;4984.27;0.875054;0;1.19566;1043.72;27863;887.546;33677;31.3933;188.351;1;26;23.1327;34.8;18.1;26.45;0;52.4; 
135.799;2.85432;45724;0.148841;11613.4;1089.79;173.053;0.0403191;0.142392;0.817289;0.530673;13054;0.885743;0;1.16093;1901;45780.5;1129.79;64199;40.5213;241.432;0;47;23.9203;34.9;19.5;27.2;0;93; 
134.171;2.87358;45784;0.149036;11570;1111.2;185.275;0.0431993;0.143927;0.812873;0.530125;13002.1;0.886115;0;1.16341;1832.08;45858.5;1128.67;63613;40.6306;241.638;0;47;23.9553;34.7;19.6;27.15;0;93; 
116.989;2.50215;39606;0.128926;7620.18;863.534;127.691;0.0444844;0.1709;0.784616;0.466296;7791.05;0.889397;0;1.16214;1216.17;39139;958.26;45655;40.8438;223.234;0;65;24.2551;35.1;20.8;27.95;0;84; 
108.553;2.56538;41774;0.135983;9541.05;981.942;140.826;0.0396178;0.157751;0.802631;0.505252;10991.9;0.880597;0;1.16873;1742.85;41551.5;1057.91;53770;39.2771;230.011;0;63;24.0311;33.8;17.4;25.6;0;87.3; 
67.7268;1.89487;29324;0.0954557;5475.13;390.409;57.8315;0.0292899;0.112293;0.858417;0.449449;5411.72;0.87205;0;1.1913;1040.41;29443;889.188;34475;33.1122;193.618;1;18;23.8513;34.4;19;26.7;0;55; 
160.605;2.72387;42651;0.138838;7585.99;1082.1;248.188;0.0835063;0.187053;0.72944;0.457227;7411.76;0.897655;0;1.11346;1306.7;42089.5;963.698;49867.5;43.675;231.495;1;33;25.6619;36.3;21.7;29;0;129; 
111.589;2.51226;39109;0.127308;10289.7;727.728;125.536;0.0337979;0.108085;0.858117;0.533786;12373.6;0.867343;0;1.16836;1893.13;38298;1147.83;55760.5;33.3656;220.822;0;62;24.3719;34.4;20;27.2;0;81; 
138.947;2.72434;43284;0.140898;9350.34;1038.88;165.695;0.0470951;0.165456;0.787449;0.49382;10130.2;0.887003;0;1.14681;1377.79;42760;1045.08;55070.5;40.9157;233.332;0;22;24.5216;34.1;21.6;27.85;0;111; 
130.394;2.6929;42806;0.139342;10319;991.364;147.812;0.0387004;0.147241;0.814059;0.51738;11463.8;0.884687;0;1.15804;1705.01;42079;1083.04;56545.5;38.8528;231.466;0;59;24.9716;33.7;21.6;27.65;0;99; 
141.643;2.68046;41081;0.133727;7560.55;1163.58;242.968;0.0812865;0.205331;0.713382;0.467208;7785.65;0.89882;0;1.14598;1533.88;40963;980.891;52944;41.761;228.376;0;58;25.0843;34.9;22;28.45;0;108; 
133.278;2.60419;40780;0.132747;7984.52;988.8;189.743;0.0621221;0.174408;0.76347;0.474026;8455.65;0.890709;0;1.15768;1441.96;40188;994.268;49666.5;40.4197;226.206;0;35;25.3113;34.2;18.3;26.25;0;89; 
157.267;2.66991;41235;0.134229;8798.51;962.373;247.715;0.0742505;0.142809;0.782941;0.492673;9113.24;0.894904;0;1.13034;1242.35;41372.5;994.45;49219;41.6034;229.515;0;72;25.3445;34.3;21.4;27.85;0;111; 
122.64;2.57334;39779;0.129489;8461.52;1089.75;126.196;0.0391204;0.199134;0.761746;0.493241;9362.48;0.884936;0;1.16773;1598.49;39318.5;1040.91;56726.5;37.7733;223.745;0;22;24.506;35.5;22;28.75;0;83; 
120.824;2.76933;41062;0.133665;10293.1;871.475;172.27;0.0455865;0.123351;0.831063;0.52545;11617.9;0.881286;0;1.18315;1790.55;40298.5;1061.41;52267.5;37.967;226.516;0;54;25.0536;35.1;22;28.55;0;82; 
100.95;2.20843;34700;0.112956;8137.75;610.931;80.9097;0.0274904;0.120056;0.852454;0.504442;9181.69;0.871318;0;1.17136;1167.64;37799.5;982.935;42852;38.4557;219.381;1;36;22.211;33.9;17.9;25.9;0;65; 
98.4741;2.17134;34196;0.111315;7263.8;618.31;93.0779;0.0350128;0.131717;0.833271;0.482936;7855.23;0.875384;0;1.17143;1125.54;36502;957.957;42034.5;38.104;215.582;1;36;21.6786;33.7;18.1;25.9;0;65; 
120.731;2.65589;40488;0.131797;8971.88;871.288;166.169;0.0498041;0.140892;0.809304;0.497216;9414.84;0.887607;0;1.16462;1316.07;40568.5;1009.2;48411.5;40.1988;227.274;0;31;24.9244;34.3;20.7;27.5;0;87; 
115.302;2.51556;39136;0.127396;9022.37;904.166;119.954;0.0358196;0.156117;0.808064;0.506669;10195.8;0.880576;0;1.16005;1704.39;39235;1055.81;56667;37.161;223.507;0;41;24.4677;34.6;21.2;27.9;0;83; 
138.793;2.46362;37975;0.123617;6540.6;904.509;191.1;0.0750764;0.186849;0.738075;0.448431;6603.03;0.893491;0;1.13554;1488.32;37373.5;944.619;46463;39.5646;218.141;1;79;23.9951;36.4;21;28.7;0;95; 
106.522;2.43124;38627;0.125739;10922.5;645.888;102.519;0.0263525;0.0931155;0.880532;0.549682;12610.5;0.873471;0;1.1751;1751.98;37931;1114.73;56065;34.0272;219.762;0;30;23.1604;34;19.6;26.8;0;74.7; 
90.6822;2.24009;34714;0.113001;7030.28;597.857;127.708;0.0493979;0.121237;0.829365;0.472681;6852.55;0.887513;0;1.17681;1438.7;34230.5;937.965;42901.5;36.4944;208.767;1;46;23.9881;35.4;21;28.2;0;64.7; 
160.515;2.64601;42727;0.139085;7627.57;1144.94;212.9;0.071082;0.207456;0.721462;0.458588;7560.78;0.898672;0;1.12152;1339.81;42208.5;978.521;50619;43.135;231.822;1;50;24.9837;34.8;21.1;27.95;0;120; 
88.5162;2.16796;32723;0.10652;7506.23;475.431;129.333;0.0478361;0.0853406;0.866823;0.497871;7844.07;0.878611;0;1.17253;1221.34;34339;985.566;44222;34.8419;209.098;1;66;25.0512;35.4;20.5;27.95;0;63; 
100.779;2.36067;36667;0.119359;7731.56;674.934;116.769;0.0411001;0.130974;0.827925;0.482138;8096.08;0.882239;0;1.1665;1342.6;36576;986.597;44522.5;37.0729;215.801;0;25;25.8668;35.2;22.2;28.7;0;75.3; 
110.94;2.35722;37340;0.121549;6537.04;899.198;154.169;0.060933;0.196308;0.742759;0.45087;6686.92;0.892303;0;1.15582;1417.49;36785.5;930.458;45266.5;39.5348;216.418;0;44;23.4618;34;20.4;27.2;0;78.7; 
103.894;2.67397;40717;0.132542;9596;990.145;127.544;0.0357143;0.161028;0.803258;0.512964;10735.2;0.882311;0;1.18879;1603.53;40139;1077.23;56594.5;37.2614;226.068;0;35;25.5094;35.4;22.9;29.15;0;70; 
105.265;2.70559;41145;0.133936;9660.04;1028.71;129.385;0.03588;0.166263;0.797857;0.51277;10832.1;0.882715;0;1.18972;1604.12;40511.5;1079.29;57098.5;37.5353;227.114;0;35;25.544;35.4;22.7;29.05;0;70; 
116.266;2.61211;39858;0.129746;8039.72;930.382;186.78;0.0611932;0.162414;0.776393;0.479315;8244.11;0.892691;0;1.16749;1426.2;39765;985.167;49269;40.3637;225.012;0;34;25.1357;34.7;20.7;27.7;0;79; 
148.176;2.67631;41107;0.133812;7803.06;978.491;158.333;0.0531326;0.183483;0.763385;0.466351;8148.36;0.888269;0;1.15253;1253.44;40561.5;970.181;47149.5;41.8082;227.254;1;27;24.6035;35.4;21.2;28.3;0;107.3; 
104.562;2.32748;37281;0.121357;7845.1;678.728;109.041;0.0378928;0.131981;0.830126;0.481216;8018.49;0.882202;0;1.16104;1322.52;36851.5;979.249;45472;37.6324;216.612;1;58;23.6898;33.4;20.1;26.75;0;74.7; 
93.9247;2.25296;36283;0.118109;6817.56;721.679;84.6091;0.0332939;0.167126;0.79958;0.458397;6694.44;0.886577;0;1.16276;1465.85;35648;951.724;44933.5;37.4563;213.046;1;62;22.3562;34.5;21.4;27.95;0;74.7; 
130.392;2.82366;45068;0.146706;12152;997.027;173.866;0.0391503;0.123571;0.837279;0.543714;14205.8;0.879745;0;1.12574;1899.82;44331.5;1131.88;61733;39.1663;237.581;0;63;24.3246;34.3;20.2;27.25;0;100; 
71.7607;2.07563;32441;0.105602;6212.98;523.006;91.9873;0.0404163;0.126251;0.833333;0.458781;6117.57;0.880332;0;1.16497;1487.02;31896;936.554;40479;34.0568;201.522;1;52;24.1717;34.9;20.5;27.7;0;54.9; 
118.1;2.82989;44776;0.145755;12245.1;969.643;261.662;0.0582491;0.10507;0.836681;0.548616;14506.2;0.878217;0;1.14169;1775.8;44148.5;1111.55;56119;39.718;237.09;0;48;24.3194;35.2;20.3;27.75;0;99.6; 
143.049;2.67806;43296;0.140938;8949.34;1219.38;287.464;0.0824767;0.178252;0.739272;0.491437;10324.7;0.886559;0;1.11615;1764.95;42560;1098.25;59829.5;38.7526;232.785;1;33;22.3438;34.7;15.2;24.95;0;112.9; 
143.617;2.77423;44435;0.144645;10363.1;1169.14;280.094;0.071136;0.150529;0.778335;0.515596;11818.8;0.889172;0;1.11169;1671.86;44339.5;1075.71;60932.5;41.219;237.602;0;65;26.1225;35.1;21.9;28.5;0;112; 
85.3457;2.83694;26059;0.120039;6669.37;698.516;135.486;0.0541702;0.150074;0.795756;0.536608;7119.55;0.897914;0;1.10064;1186.85;25977.5;791.533;30800;32.8192;181.867;0;15;-42.984;35;22.4;28.7;0;90.1; 
76.1704;2.22839;20543;0.0946298;4545.79;521.999;91.9901;0.0534849;0.166677;0.779838;0.501181;4841.62;0.889783;0;1.12112;1478.48;20598;749.518;29029.5;27.4817;161.945;0;15;-44.3178;34.6;22.7;28.65;0;68.2; 
88.2134;2.47637;23008;0.105985;5588.8;521.028;96.5786;0.0466834;0.136778;0.816539;0.519386;6071.84;0.887789;0;1.11776;1171.76;22521.5;767.792;28571;29.3328;169.338;0;15;-42.955;34.9;22.7;28.8;0;75; 
68.5812;2.593;20210;0.0930959;3368.9;604.455;88.5086;0.0653705;0.254044;0.680586;0.448322;3324.99;0.900548;0;1.12092;1325.37;20094.5;716.021;27766;28.0641;159.953;0;15;-44.4867;34.9;22.6;28.75;0;81; 
105.319;2.5911;24203;0.111489;5735.2;678.433;111.655;0.0513332;0.173718;0.774949;0.519247;6518.74;0.886851;0;1.09923;1218.93;23874.5;787.579;31885;30.3138;174.35;0;15;-42.0851;34.9;22.7;28.8;0;100; 
85.257;2.06394;19730;0.0908848;3582.94;478.594;79.2014;0.0573821;0.192909;0.749709;0.458128;3604.59;0.892363;0;1.10426;1273.87;19235.5;692.849;25616;27.7629;156.497;0;15;-43.7939;33.7;21.6;27.65;0;70; 
59.4967;2.17098;20368;0.0938237;4364.57;432.469;57.4479;0.0355019;0.154505;0.809993;0.488212;4473.53;0.890538;0;1.12282;1120.43;19946;716.127;25895.5;27.8526;159.361;0;15;-43.3076;34.4;22.3;28.35;0;71.3; 
110.969;2.72453;25246;0.116294;6427.52;663.497;120.261;0.0500304;0.150663;0.799307;0.534464;6962.03;0.894067;0;1.1033;1194.31;25189.5;792.52;32039;31.7841;179.087;0;15;-43.194;34.2;22.3;28.25;0;90; 
108.413;2.79436;25243;0.11628;6546.65;641.667;119.253;0.0489575;0.142979;0.808064;0.538052;6897.54;0.897351;0;1.10945;917.352;25715;777.939;30608;33.0553;180.946;0;15;-42.4517;34.5;22.7;28.6;0;90; 
108.062;2.4451;22446;0.103396;5699.83;524.672;117.719;0.0556834;0.128331;0.815985;0.53157;6289.51;0.884789;0;1.09461;1175.56;22406.5;772.58;27647.5;29.0022;168.905;0;15;-42.8564;34.5;22.5;28.5;0;90; 
109.77;2.56168;23928;0.110223;5655.76;718.283;117.543;0.0543207;0.185083;0.760597;0.520872;6185.73;0.891699;0;1.09388;1142.25;23884.5;789.545;31672.5;30.251;174.387;0;15;-42.7203;34.6;22.5;28.55;0;90; 
118.483;2.23095;20579;0.0947957;4194.53;448.935;81.1131;0.051505;0.155706;0.792789;0.479159;4438.39;0.886176;0;1.06506;997.779;20224;714.723;25807.5;28.2963;160.468;0;15;-42.948;34.3;22.5;28.4;0;90; 
101.754;1.96476;18274;0.0841778;3731.71;284.025;48.8839;0.0360801;0.115702;0.848218;0.471634;3891.37;0.878371;0;1.07;832.725;17990;700.036;21736;25.6987;151.346;0;15;-42.7238;33.6;22.5;28.05;0;90; 
100.788;1.92829;18119;0.0834638;3701.87;277.444;45.6353;0.0340142;0.115186;0.8508;0.47133;3849.19;0.878105;0;1.07018;852.968;17855.5;699.18;21586.5;25.5378;150.779;0;15;-43.2024;33.5;21.4;27.45;0;90; 
107.431;2.64248;23972;0.110425;5960.6;578.959;105.907;0.04781;0.142368;0.809822;0.526526;6280.03;0.894365;0;1.09743;1234.82;23541.5;766.032;30230;30.7317;173.13;0;15;-42.7519;34.5;22.3;28.4;0;90; 
112.521;2.27874;21155;0.097449;4186.23;521.542;101.971;0.0636026;0.174467;0.76193;0.476831;4419.33;0.890622;0;1.08001;1000.21;20772;709.691;25441;29.2691;162.628;0;15;-43.0088;34.3;22.6;28.45;0;90; 
115.69;2.40428;21907;0.100913;5139.89;478.291;129.094;0.0673853;0.121517;0.811097;0.512212;5449.39;0.889248;0;1.07814;1056.89;22263;738.448;26981.5;30.1484;168.363;0;15;-43.1934;34.7;22.5;28.6;0;90; 
112.088;2.26924;20916;0.096348;4502.19;419.333;102.919;0.061451;0.12595;0.812599;0.490134;4933.28;0.881538;0;1.07396;923.294;21016;719.991;24875.5;29.1892;163.58;0;15;-42.9818;34;22.6;28.3;0;90; 
109.465;2.71887;24322;0.112038;6302.57;530.664;111.886;0.0483302;0.120596;0.831074;0.534379;6788.29;0.890765;0;1.10176;951.394;24261.5;774.979;28844.5;31.306;175.758;0;15;-42.8764;34.6;22.4;28.5;0;90; 
112.16;2.25075;20721;0.0954498;4443.24;461.045;84.7139;0.0509405;0.150865;0.798195;0.490695;4769.38;0.885573;0;1.07727;1007.92;20336;723.714;26034;28.0995;160.912;0;15;-43.0993;34.4;22.3;28.35;0;90; 
106.543;2.36914;21850;0.10065;4969.02;501.412;114.943;0.0617378;0.138386;0.799876;0.505604;5424.52;0.886882;0;1.08959;934.507;22592.5;738.101;26901.5;30.609;169.604;0;15;-43.0781;34.6;22.6;28.6;0;90; 
111.013;2.26994;21162;0.0974812;4572.66;446.385;98.8723;0.0579565;0.135802;0.806241;0.491789;4862.82;0.885621;0;1.07788;910.708;21720.5;719.975;25387.5;30.1684;166.299;0;15;-42.9474;34.4;22.4;28.4;0;90; 
114.998;2.53445;23430;0.107929;5479.34;555.931;133.826;0.065079;0.136845;0.798076;0.513138;5955.49;0.889047;0;1.08585;917.536;23729.5;741.905;27721.5;31.9846;173.82;0;15;-43.0478;34.8;22.6;28.7;0;90; 
106.133;2.66755;24813;0.114299;6463.23;592.153;111.137;0.0465235;0.13424;0.819237;0.537432;6916.82;0.893155;0;1.10748;1052.55;25256;787.729;30828.5;32.0618;179.324;0;15;-42.5818;34.7;22.5;28.6;0;88; 
108.87;2.6017;24362;0.112222;6226.47;657.859;118.129;0.0506088;0.154154;0.795237;0.53614;6900.91;0.890417;0;1.09925;1303.73;23906.5;811.478;33278;29.4604;174.467;0;15;-43.1609;33.8;21.5;27.65;0;90.1; 
94.7554;2.07935;19215;0.0885125;4435.29;294.776;39.1862;0.0246493;0.107182;0.868168;0.498214;4472.17;0.883529;0;1.09094;1051.48;18811.5;739.745;24684;25.4297;154.763;0;15;-44.1696;34.2;22.4;28.3;0;71; 
155.622;2.72101;26749;0.123217;6788.61;832.874;93.7373;0.036449;0.191605;0.771946;0.537067;8187.51;0.884171;0;1.05664;1320.41;26197.5;844.48;37733.5;31.0221;182.635;0;15;-41.7798;32;19.9;25.95;0;105; 
138.553;2.72462;25797;0.118832;5899.97;713.051;145.366;0.0645268;0.167994;0.767479;0.511853;6471.48;0.893037;0;1.07165;1118.06;25513;774.961;30728.5;32.9216;180.234;0;15;-43.0554;34.4;22.5;28.45;0;114; 
84.7824;2.2782;20836;0.0959795;4804.75;426.259;87.5989;0.0494108;0.127349;0.82324;0.505245;5202.99;0.884474;0;1.11438;1110.45;20510.5;738.891;25598.5;27.7585;161.601;1;15;-42.489;35.3;21.8;28.55;0;65; 
97.3895;2.47465;21767;0.100268;5632.51;396.639;77.9803;0.0383062;0.104356;0.857337;0.529699;6070.58;0.886148;0;1.1017;890.222;21430.5;756.343;25130.5;28.3344;165.185;0;15;-41.9569;35.5;22.8;29.15;0;72; 
90.3409;2.20617;20187;0.0929899;4618.63;345.283;83.4445;0.0495969;0.103753;0.84665;0.500043;4746.45;0.887665;0;1.10325;859.252;20049.5;716.295;22817.5;27.9905;159.774;1;15;-42.6434;35.5;23;29.25;0;70; 
124.963;2.58295;24065;0.110854;5918.09;675.001;131.413;0.0586272;0.161674;0.779699;0.528623;6810.72;0.886083;0;1.0775;1310.9;23857.5;820.824;33930.5;29.0653;174.288;0;15;-40.3823;34.2;22.2;28.2;0;97; 
83.3361;2.22183;20039;0.0923082;5019.01;336.743;68.7937;0.0380458;0.0987912;0.863163;0.520301;5324.25;0.883823;0;1.10991;944.708;19827.5;753.021;25036.5;26.3306;158.887;0;15;-41.2596;34;20.8;27.4;0;64; 
111.716;2.62429;23556;0.108509;5318.61;591.337;105.965;0.0528424;0.161363;0.785795;0.50537;5744.67;0.891319;0;1.09475;1301.3;23141.5;745.63;27553.5;31.0362;171.653;0;15;-40.8242;34.3;21.7;28;0;87; 
61.8655;2.00928;17775;0.0818792;3718.41;277.148;49.9549;0.0370447;0.112319;0.850637;0.477083;3842.01;0.877565;0;1.13037;910.867;17689;695.899;20722.5;25.4189;150.074;1;15;-45.9875;34.2;21.8;28;0;52.2; 
78.1781;2.2324;21640;0.0996831;5058.26;447.909;58.9026;0.031753;0.139803;0.828444;0.507127;5328.4;0.886796;0;1.12733;918.222;22044.5;743.25;26110.5;29.6596;167.535;0;15;-46.0242;34.4;22.5;28.45;0;61; 
96.4921;2.28298;21854;0.100669;4988.97;476.828;67.8445;0.0367811;0.147817;0.815402;0.503211;5321.98;0.885194;0;1.10254;1231.99;21410.5;750.732;26897.5;28.5195;165.108;0;15;-43.9016;34.3;21.9;28.1;0;75; 
82.5297;2.22763;21033;0.096887;4703.85;508;81.093;0.0459629;0.161312;0.792725;0.501659;4984.32;0.890502;0;1.11669;1340.27;20724.5;749.339;28299.5;27.6571;162.442;0;15;-43.0613;33.3;22.6;27.95;0;70; 
102.344;2.61854;23321;0.107426;5291.06;569.051;115.539;0.0580048;0.151787;0.790209;0.506207;5574.25;0.894055;0;1.10545;1060.25;23203.5;745.039;28614;31.144;171.883;0;15;-40.2834;34.6;23;28.8;0;77.3; 
73.0148;2.13464;18904;0.0870799;3813.3;348.07;69.8503;0.049525;0.131508;0.818967;0.473116;3872.06;0.884846;0;1.11662;870.323;18704;692.529;22116;27.0082;154.32;1;15;-42.8409;33.4;22.6;28;0;59; 
82.9596;2.18374;20604;0.0949108;4498.89;408.744;72.0577;0.043411;0.135224;0.821365;0.491627;4683.52;0.885813;0;1.11457;906.666;20639;718.716;24519;28.7165;162.106;1;15;-43.6345;33.7;22.7;28.2;0;67; 
111.68;2.53762;23952;0.110333;5680.93;594.025;90.8402;0.0428102;0.15809;0.7991;0.515542;6386.37;0.885217;0;1.09607;1165.48;23688.5;766.102;29093;30.9208;173.67;0;15;-43.8531;33.9;21.5;27.7;0;93; 
94.3013;2.2529;21029;0.0968686;4179.66;517.717;90.3226;0.0565966;0.178539;0.764865;0.477161;4374.11;0.891936;0;1.09931;1217.52;20521;721.396;26559;28.4462;161.642;0;15;-40.9638;33.1;21.6;27.35;0;82.5; 
114.763;2.21758;21555;0.0992915;4044.03;572.772;71.8251;0.0459569;0.213686;0.740357;0.466401;4370.3;0.887844;0;1.07747;1251.86;21036;728.627;28282.5;28.8707;163.658;0;15;-46.3557;32.7;21.3;27;0;82; 
65.427;1.82648;17275;0.079576;3125.8;289.576;52.4053;0.0453362;0.136785;0.817878;0.448053;3125.82;0.881528;0;1.12268;895.169;16985.5;672.089;20071.5;25.2727;147.06;1;15;-44.1853;33.9;21.3;27.6;0;58.3; 
68.6053;1.80251;16791;0.0773465;3530.54;234.292;39.6269;0.0312477;0.102335;0.866417;0.476016;3539.3;0.879673;0;1.11415;1110.65;16419.5;689.202;20573;23.8239;144.589;1;15;-45.7713;34.3;20.9;27.6;0;48.8; 
65.1794;1.92574;17978;0.0828143;3376.16;335.633;60.2096;0.0478867;0.146036;0.806078;0.458066;3357.61;0.886798;0;1.12577;1036.08;17796.5;668.479;21267;26.6224;150.53;1;15;-44.4633;34.4;19.9;27.15;0;58.5; 
63.9325;1.9513;16854;0.0776367;2423.21;337.597;62.1778;0.0660765;0.195126;0.738797;0.409276;2155.35;0.89611;0;1.11782;986.389;16779.5;609.522;20124.5;27.529;146.165;1;15;-45.507;34.6;21.6;28.1;0;62; 
98.397;2.3444;22170;0.102124;4910.28;471.278;76.9016;0.0422655;0.144501;0.813234;0.496206;5152.95;0.887728;0;1.10179;1130.77;21805;733.363;25692.5;29.7329;166.622;0;15;-41.9617;34.5;21.5;28;0;77; 
117.254;2.2385;21426;0.0986973;4481.35;449.748;75.5574;0.0452741;0.149477;0.805249;0.483408;4610.45;0.887407;0;1.07351;965.235;21528;729.359;26114.5;29.5163;165.561;0;15;-43.7443;32.5;21.8;27.15;0;87; 
89.2372;2.04983;18422;0.0848596;3884.95;295.012;72.5128;0.0511557;0.104645;0.8442;0.480468;3983.98;0.881679;0;1.09169;847.169;18139.5;706.491;21445.5;25.6755;151.973;1;15;-43.9582;33.4;21.1;27.25;0;69; 
67.8576;2.12238;18786;0.0865363;3702.24;346.26;61.8265;0.0451253;0.1384;0.816475;0.46777;3748.48;0.885709;0;1.12643;956.867;18495;705.995;22934;26.1971;153.455;1;15;-43.3676;34.9;21.1;28;0;61.2; 
79.8457;2.18365;20770;0.0956755;5153.35;391.148;61.1191;0.0327095;0.117749;0.849541;0.519522;5708.6;0.878541;0;1.12412;1256.29;20221;768.341;26085.5;26.3177;160.456;0;15;-41.7369;33.7;21.6;27.65;0;62.4; 
127.77;2.29129;22368;0.103037;4922.26;483.26;87.9584;0.0480343;0.143917;0.808049;0.495587;5467.27;0.88043;0;1.06331;1155.86;22017;762.95;27364;28.8577;167.43;0;15;-44.7234;33.2;20.7;26.95;0;103; 
97.7486;2.20317;21314;0.0981814;5123.67;391.366;61.0466;0.0328438;0.118477;0.848679;0.511496;5471.38;0.882828;0;1.10121;1053.9;21109.5;734.797;24740.5;28.7283;163.943;0;15;-44.5932;34.2;20.2;27.2;0;76.6; 
108.241;2.27396;21651;0.0997337;5038.54;493.118;74.0934;0.0396522;0.149498;0.810849;0.508848;5338.53;0.886543;0;1.08801;1286.37;21180;775.805;29937;27.3007;164.217;0;15;-43.5589;32.6;20.2;26.4;0;82; 
106.877;2.19051;20428;0.0941001;4466.67;440.429;69.9105;0.04214;0.148892;0.808968;0.493608;4514.11;0.888147;0;1.0839;1201.58;20260;727.173;26541.5;27.8613;160.611;0;15;-44.3834;33.1;20.5;26.8;0;82; 
107.51;2.5434;21491;0.0989967;4757.98;459.518;81.6288;0.0462126;0.142623;0.811164;0.496574;4988.89;0.88849;0;1.08841;1131.5;21073.5;726.594;26040;29.0031;163.804;0;15;-45.0813;33.6;21;27.3;0;83.6; 
108.86;2.30396;20670;0.0952148;4255.03;421.304;65.7468;0.0415936;0.149958;0.808448;0.478988;4560.35;0.880666;0;1.07893;1152.43;20217;742.939;27377;27.2122;160.44;1;15;-46.2723;32.8;20.6;26.7;0;83; 
94.2894;2.25785;21050;0.0969653;4406.34;427.196;82.5509;0.050376;0.140211;0.809413;0.483274;4532.46;0.8873;0;1.10286;946.867;20686;715.983;24063.5;28.8917;162.291;1;15;-44.2337;35;21.3;28.15;0;80.7; 
109.308;2.39331;21763;0.10025;5181.51;404.278;82.4825;0.0436549;0.113543;0.842802;0.510359;5640.93;0.881115;0;1.08563;924.039;21793;765.323;26386.5;28.4755;166.576;0;15;-46.3376;34.8;21.4;28.1;0;83.51; 
96.3466;2.20801;20590;0.0948463;4334.78;460.107;106.082;0.0649351;0.144472;0.790593;0.487891;4367.62;0.894644;0;1.09085;1279.74;20275;715.355;25758.5;28.3426;160.67;0;15;-44.0675;33.7;20.4;27.05;0;87.7; 
82.4073;2.15213;20513;0.0944916;4101.59;458.07;61.5102;0.0399316;0.171627;0.788441;0.474648;4421.8;0.883183;0;1.11423;1174;20149;710.661;24634.5;28.3525;160.17;0;15;-42.6198;34.3;20.6;27.45;0;67; 
119.912;2.19759;20477;0.0943258;4076.07;426.734;89.1551;0.0582464;0.14703;0.794723;0.473561;4162.29;0.889375;0;1.0621;1185.36;20165.5;710.862;25235.5;28.3677;160.236;0;15;-46.1067;32.2;20.6;26.4;0;95.6; 
103.865;2.425;21030;0.0968732;4319;414.351;67.5413;0.0422055;0.144477;0.813317;0.477806;4425.65;0.88664;0;1.08604;1034.59;20617.5;722.485;24317;28.5369;162.022;0;15;-46.7373;35.1;20.5;27.8;0;74.5; 
73.2987;1.85077;17222;0.0793319;2985.6;319.352;60.4986;0.0539291;0.15383;0.792241;0.442072;2892.5;0.886559;0;1.1057;1132.95;16723;652.297;20789.5;25.6371;145.919;1;15;-43.8661;33.9;20.3;27.1;0;63.6; 
97.847;2.13011;20388;0.0939158;5146.37;325.569;68.9736;0.0373442;0.0926184;0.870037;0.521332;5752.8;0.874388;0;1.09638;1070.67;20036;754.627;24124.5;26.5509;159.72;0;15;-43.0119;33.8;19.2;26.5;0;79; 
65.5743;1.80359;16839;0.0775676;3559.75;263.792;50.9023;0.0394139;0.109894;0.850692;0.479689;3679.04;0.876671;0;1.11639;1094.42;16494.5;699.756;21158.5;23.5718;144.919;1;15;-44.1897;33.9;18.4;26.15;0;58.9; 
97.1814;2.13911;20191;0.0930084;4438.89;393.307;80.1616;0.048955;0.127493;0.823552;0.493261;4671.18;0.885168;0;1.09127;1132.85;20004.5;717.555;24463;27.8787;159.595;0;15;-45.5026;32.7;20.5;26.6;0;75; 
74.6558;2.03225;18506;0.0852465;4030.59;338.251;67.2066;0.0454503;0.122201;0.832349;0.489614;4030.06;0.887995;0;1.11552;1006.26;18067;721.378;26517;25.0451;151.669;1;15;-43.7091;33.9;20.6;27.25;0;62; 
62.8032;1.8465;17288;0.0796359;2983.7;338.912;64.9987;0.0575615;0.161715;0.780724;0.442677;3005.45;0.884416;0;1.12682;1105.29;16895;669.34;22326.5;25.2413;146.668;1;15;-42.9571;35;20.7;27.85;0;59.4; 
82.4191;1.69082;16127;0.0742878;2838.28;236.146;50.1264;0.0481282;0.119069;0.832802;0.44018;2670.6;0.882142;0;1.08814;916.181;15849;647.939;19268;24.4606;142.055;1;15;-44.1571;33.4;20;26.7;0;65.8; 
104.888;2.14542;20721;0.0954498;4606.8;471.271;75.1473;0.0437478;0.153738;0.802514;0.498706;5064.06;0.882073;0;1.07877;1412.4;20230;750.262;28060.5;26.9639;160.492;0;15;-44.3823;33;19.2;26.1;0;86; 
90.1925;2.09843;20320;0.0936026;4670.34;428.518;59.5728;0.0346459;0.143046;0.822309;0.503857;5022.74;0.882283;0;1.09871;1161.68;20503.5;738.889;26573.5;27.7491;161.573;0;15;-44.0547;33.3;20.3;26.8;0;75.6; 
76.6697;2.3221;18203;0.0838508;4045.63;383.81;65.3327;0.0436058;0.14171;0.814684;0.496929;4356.86;0.881897;0;1.10558;1310.38;17794.5;753.229;26835;23.6243;150.521;0;15;-43.866;33.4;19.1;26.25;0;72.1; 
113.021;2.23616;20982;0.096652;5162.06;469.393;66.8117;0.0351748;0.1413;0.823525;0.521144;5640.74;0.883423;0;1.07796;1216.82;20460.5;786.281;31874.5;26.0219;161.404;0;15;-45.0818;33.2;19;26.1;0;83; 
61.5781;1.85011;17507;0.0806447;3225.96;314.514;59.0594;0.0492225;0.141937;0.80884;0.45345;3171.09;0.885323;0;1.12822;1066.41;17354;671.77;21469;25.8333;148.647;1;15;-44.4176;34.5;20.9;27.7;0;50; 
118.197;2.37021;22923;0.105593;5226.66;621.605;67.6906;0.0343261;0.187261;0.778413;0.508026;6018.67;0.882093;0;1.08337;1311.44;22576.5;786.436;30838;28.7074;169.544;0;15;-43.2776;33.8;20;26.9;0;88; 
83.9194;2.21643;20468;0.0942843;4492.54;397.171;71.4475;0.0432041;0.131309;0.825487;0.492339;4699.44;0.88463;0;1.11336;878.767;20706.5;718.087;24204;28.8357;162.371;0;15;-42.7134;34.1;21.4;27.75;0;72.2; 
100.458;2.34581;21854;0.100669;5101.19;451.302;96.5743;0.0512868;0.125588;0.823125;0.508432;5350.38;0.888697;0;1.09941;1254.73;21395.5;741.962;25923;28.8364;165.05;0;15;-45.536;33.7;20;26.85;0;84.8; 
71.282;1.81891;17450;0.0803821;3255.43;291.303;47.3878;0.0395544;0.135731;0.824715;0.453848;3283.38;0.88019;0;1.11501;909.311;17253.5;677.207;20952.5;25.4774;148.216;1;15;-45.5022;34.4;19.6;27;0;59; 
94.5699;2.11696;19574;0.0901662;4824.71;339.859;56.4634;0.0324438;0.108559;0.858997;0.516475;5059.6;0.883659;0;1.09385;1182.19;19071.5;752.066;26775;25.3588;155.829;0;15;-44.3637;33.8;21.4;27.6;0;73.9; 
81.7336;2.22346;20437;0.0941415;4253.38;444.721;81.2024;0.0509713;0.152122;0.796907;0.483598;4388.46;0.888041;0;1.11512;1069.48;20010.5;745.916;27875;26.8268;159.619;1;15;-44.3876;33.3;21.1;27.2;0;67.6; 
91.2415;2.10447;19401;0.0893693;4689.79;352.858;60.9296;0.0358158;0.114401;0.849783;0.512905;4860.65;0.88589;0;1.09806;1233.26;18940;738.862;26249;25.634;155.291;0;15;-43.7885;32;19.4;25.7;0;76.9; 
99.8579;2.32862;22227;0.102387;5268.32;487.071;86.8161;0.0445805;0.137022;0.818398;0.512693;5639.53;0.887662;0;1.10182;1182.06;22100;740.976;26729.5;29.8255;167.746;0;15;-42.4814;33.4;19.6;26.5;0;80.2; 
102.225;2.38526;21811;0.100471;4780.31;465.661;107.954;0.0604903;0.133624;0.805885;0.49546;5080.3;0.887652;0;1.09392;924.281;21691.5;737.125;26248;29.4272;166.188;0;15;-43.1973;34.1;21.2;27.65;0;83.2; 
105.562;2.56583;22881;0.1054;5419.73;494.341;99.2189;0.0494999;0.131416;0.819084;0.512658;5885.27;0.886796;0;1.09665;1119.38;22485;756.123;26421.5;29.7372;169.2;0;15;-44.2877;34.6;20.9;27.75;0;88.5; 
93.6197;2.35006;22122;0.101903;5050.84;506.377;82.4819;0.0438757;0.150325;0.805799;0.504923;5497.56;0.884743;0;1.10903;1251.54;21613;776.632;29654;27.8291;165.887;0;15;-42.6345;35.5;21.3;28.4;0;78.7; 
78.1425;2.11282;19991;0.0920871;4525.15;540.128;62.6532;0.036654;0.186225;0.777121;0.506483;5093.95;0.882059;0;1.11655;1504.14;19354;776.312;30099;24.9307;156.979;1;15;-44.8013;34.7;21.2;27.95;0;66.6; 
83.6846;2.30697;21345;0.0983242;4610.67;542.261;86.1977;0.049358;0.174099;0.776543;0.495441;5097.97;0.885621;0;1.11512;1137.78;21087;758.051;27725.5;27.8174;163.856;0;15;-45.472;33.6;21.7;27.65;0;73.1; 
101.168;2.44754;22017;0.10142;5174.4;559.456;97.1296;0.0499725;0.158576;0.791452;0.514638;5750.25;0.884653;0;1.09529;1212.15;21578;772.061;29327.5;27.9486;165.753;0;15;-42.581;34.3;21.7;28;0;88.5; 
74.7368;2.00141;19049;0.0877478;3940.48;372.085;55.4883;0.0381096;0.14496;0.81693;0.478872;4114.33;0.88275;0;1.11834;1203.76;18535.5;707.587;23651.5;26.1954;153.623;0;15;-43.7278;33.6;20.6;27.1;0;61.4; 
96.4351;2.34307;21823;0.100526;4881.6;513.755;91.3589;0.0499528;0.153971;0.796077;0.501428;5253.85;0.886819;0;1.10118;1282.94;21309;759.616;28489;28.0523;164.716;0;15;-44.2524;35.2;21.3;28.25;0;83.5; 
91.8677;2.09131;19994;0.0921009;4151.64;433.662;66.7499;0.0430455;0.157742;0.799212;0.482373;4397.53;0.884746;0;1.09717;1215.54;19463.5;720.061;25262;27.0304;157.422;0;15;-43.3481;33.1;19.3;26.2;0;81.3; 
79.1328;2.10451;19786;0.0911428;4260.84;359.791;60.7371;0.0389226;0.127763;0.833314;0.486428;4501.95;0.879873;0;1.11486;1021.25;19451.5;728.813;23871.5;26.6893;157.374;1;15;-43.7185;34.7;20.7;27.7;0;64.8; 
97.8496;2.3462;22179;0.102166;4756.14;546.85;66.1294;0.0369499;0.179069;0.783981;0.492028;5277.25;0.883192;0;1.10425;1095.78;21862;728.863;26810;29.9946;166.84;0;15;-43.9733;32.8;20.8;26.8;0;76.5; 
119.491;2.371;23557;0.108514;5822.15;678.017;104.609;0.0475153;0.173634;0.77885;0.529515;6597.69;0.886954;0;1.07932;1421.08;23031;826.709;35724.5;27.8587;171.242;0;15;-44.0897;31.8;19.3;25.55;0;97.5; 
92.464;2.25575;21436;0.0987434;4911.7;467.037;87.2508;0.0478875;0.138963;0.813149;0.504978;5284.6;0.886276;0;1.10331;1091.23;21760;732.008;25949.5;29.7264;166.45;0;15;-43.6461;34.5;21;27.75;0;80; 
89.6162;2.13447;20493;0.0943995;4928.6;376.107;54.3944;0.0304497;0.120062;0.849488;0.511392;5484.44;0.876738;0;1.10457;1136.69;20269;744.18;24640;27.2367;160.646;0;15;-43.3599;33.7;21.1;27.4;0;72.8; 
91.6548;2.48827;21911;0.100931;4923.66;483.762;88.8774;0.0485113;0.143691;0.807797;0.500857;5325.92;0.887876;0;1.10691;1056.45;21742.5;730.186;26417.5;29.7766;166.383;0;15;-43.0881;33.7;21;27.35;0;77.7; 
128.852;2.46515;23306;0.107357;5539.98;529.976;111.839;0.0542749;0.13528;0.810445;0.51503;6107.99;0.886617;0;1.06995;1275.24;22820.5;774.639;29917.5;29.4595;170.458;0;15;-43.3054;31.3;19;25.15;0;98.4; 
121.514;2.43502;22645;0.104313;4863.42;611.429;116.787;0.0626581;0.176922;0.76042;0.496927;5359.97;0.888456;0;1.07184;1177.7;22378.5;770.714;30359;29.0361;168.799;0;15;-43.2052;31.9;19.6;25.75;0;100.4; 
94.7621;2.18717;20704;0.0953715;4357.99;426.112;81.633;0.0503314;0.141594;0.808075;0.484794;4463.33;0.888953;0;1.09922;1095.18;20377;717.123;24656;28.4149;161.074;0;15;-44.5299;33;20.2;26.6;0;78; 
109.165;2.49798;23894;0.110066;5893.74;591.979;90.353;0.041219;0.152561;0.80622;0.524624;6521.66;0.888019;0;1.09761;1217.12;23841;780.719;30141;30.5372;174.228;0;15;-41.1261;33.8;21;27.4;0;89.4; 
77.9411;2.25646;18051;0.0831506;3600.6;328.754;53.7819;0.0405071;0.138068;0.821425;0.469758;3705.56;0.881844;0;1.09799;1332.36;17714;688.933;23167;25.7122;150.18;0;15;-44.0485;32.5;20.4;26.45;0;68.6; 
71.5427;2.01736;18514;0.0852834;3364.99;371.834;61.5161;0.0485866;0.163397;0.788017;0.452958;3349.68;0.887608;0;1.11708;991.394;18479.5;676.602;22450.5;27.3122;153.391;1;15;-44.8199;34.3;20.8;27.55;0;65; 
